Movie ID,Movie Name,Similarity Score
5971,My Neighbor Totoro,0.6329452003272595
6350,Laputa: Castle in the Sky,0.5859512594992605
5618,Spirited Away,0.5755768186245387
26776,Porco Rosso,0.5582125404954457
3000,Princess Mononoke,0.5530824430562482
