Movie ID,Movie Name,Similarity Score
6350,Laputa: Castle in the Sky,0.6191885673030793
26776,Porco Rosso,0.6113253633838596
5971,My Neighbor Totoro,0.5703514899396728
7099,Nausicaä of the Valley of the Wind,0.562755756198594
31658,Howl's Moving Castle,0.5243198334020674
