Recommended Movies,Cosine Similarity
The Secret World of Arrietty,1.0000000000000002
Ponyo,1.0000000000000002
Spirited Away,1.0000000000000002
My Neighbor Totoro,1.0000000000000002
The Tale of The Princess Kaguya,0.6666666666666669
