Movie ID,Movie Name,Similarity Score
6350,Laputa: Castle in the Sky,0.6622541423709588
31658,Howl's Moving Castle,0.6329452003272595
5618,Spirited Away,0.6229344802199037
26776,Porco Rosso,0.5758788968342455
26662,Kiki's Delivery Service,0.5703514899396728
